[
   {
      "pk": 1, 
      "model": "auth.user", 
      "fields": {
         "username": "usuario", 
         "first_name": "", 
         "last_name": "", 
         "is_active": true, 
         "is_superuser": true, 
         "is_staff": true, 
         "last_login": "2011-06-16 16:33:45", 
         "groups": [], 
         "user_permissions": [], 
         "password": "sha1$b7a7a$388aceebbbb532a0e70a184b24240b0177c05618", 
         "email": "unho_fic@hotmail.com", 
         "date_joined": "2011-06-16 16:33:45"
      }
   }, 
   {
      "pk": "aa68542b7e565cd9577e963cb7d5f037", 
      "model": "sessions.session", 
      "fields": {
         "expire_date": "2011-06-30 16:39:25", 
         "session_data": "ZjNlN2E5YjYwODg3OTk0MGRmMzZkNWMzNWIzM2IzNDA3ZjI5MjdjYTqAAn1xAShVEl9hdXRoX3Vz\nZXJfYmFja2VuZHECVSlkamFuZ28uY29udHJpYi5hdXRoLmJhY2tlbmRzLk1vZGVsQmFja2VuZHED\nVQ1fYXV0aF91c2VyX2lkcQRLAXUu\n"
      }
   }, 
   {
      "pk": 1, 
      "model": "terminator.partofspeech", 
      "fields": {
         "tbx_representation": "verb", 
         "name": "Verb", 
         "description": ""
      }
   }, 
   {
      "pk": 2, 
      "model": "terminator.partofspeech", 
      "fields": {
         "tbx_representation": "noun", 
         "name": "Noun", 
         "description": ""
      }
   }, 
   {
      "pk": 3, 
      "model": "terminator.partofspeech", 
      "fields": {
         "tbx_representation": "adjective", 
         "name": "Adjective", 
         "description": ""
      }
   }, 
   {
      "pk": 4, 
      "model": "terminator.partofspeech", 
      "fields": {
         "tbx_representation": "preposition", 
         "name": "Preposition", 
         "description": ""
      }
   }, 
   {
      "pk": 1, 
      "model": "terminator.grammaticalgender", 
      "fields": {
         "tbx_representation": "feminine", 
         "name": "feminine", 
         "description": "feminine gender"
      }
   }, 
   {
      "pk": 2, 
      "model": "terminator.grammaticalgender", 
      "fields": {
         "tbx_representation": "masculine", 
         "name": "masculine", 
         "description": "masculine gender"
      }
   }, 
   {
      "pk": 3, 
      "model": "terminator.grammaticalgender", 
      "fields": {
         "tbx_representation": "neuter", 
         "name": "neuter", 
         "description": "neuter gender"
      }
   }, 
   {
      "pk": 1, 
      "model": "terminator.grammaticalnumber", 
      "fields": {
         "tbx_representation": "singular", 
         "name": "singular", 
         "description": "singular grammatical number"
      }
   }, 
   {
      "pk": 2, 
      "model": "terminator.grammaticalnumber", 
      "fields": {
         "tbx_representation": "plural", 
         "name": "plural", 
         "description": "plural grammatical number"
      }
   }, 
   {
      "pk": "gl", 
      "model": "terminator.language", 
      "fields": {
         "grammatical_numbers": [
            1, 
            2
         ], 
         "grammatical_genders": [
            1, 
            2
         ], 
         "name": "Galician", 
         "description": "Galician language spoken mainly in the northwest of iberian peninsula."
      }
   }, 
   {
      "pk": "es", 
      "model": "terminator.language", 
      "fields": {
         "grammatical_numbers": [], 
         "grammatical_genders": [], 
         "name": "Spanish", 
         "description": "Spanish language spoken in central and south America and in Spain."
      }
   }, 
   {
      "pk": "pt_BR", 
      "model": "terminator.language", 
      "fields": {
         "grammatical_numbers": [
            1, 
            2
         ], 
         "grammatical_genders": [
            1
         ], 
         "name": "Brazilian portuguese", 
         "description": "Brazilian portuguese is a portuguese dialect spoken in Brazil."
      }
   }, 
   {
      "pk": "en", 
      "model": "terminator.language", 
      "fields": {
         "grammatical_numbers": [
            1, 
            2
         ], 
         "grammatical_genders": [
            1, 
            2, 
            3
         ], 
         "name": "English", 
         "description": "English language spoken in the US, UK, Australia and a lot of countries."
      }
   }, 
   {
      "pk": "ast", 
      "model": "terminator.language", 
      "fields": {
         "grammatical_numbers": [], 
         "grammatical_genders": [], 
         "name": "Asturian", 
         "description": "Language spoken in Asturias. It is also called Bable."
      }
   }, 
   {
      "pk": 1, 
      "model": "terminator.glossary", 
      "fields": {
         "name": "Glosario inicial", 
         "description": "Glosario inicial para ir facendo probas"
      }
   }, 
   {
      "pk": 2, 
      "model": "terminator.glossary", 
      "fields": {
         "name": "Glosario de proba", 
         "description": "Glosario para facer probas"
      }
   }, 
   {
      "pk": 1, 
      "model": "terminator.concept", 
      "fields": {
         "glossary": 1, 
         "subject_field": null, 
         "related_concepts": [
            3
         ], 
         "broader_concept": null
      }
   }, 
   {
      "pk": 2, 
      "model": "terminator.concept", 
      "fields": {
         "glossary": 1, 
         "subject_field": null, 
         "related_concepts": [
            3
         ], 
         "broader_concept": null
      }
   }, 
   {
      "pk": 3, 
      "model": "terminator.concept", 
      "fields": {
         "glossary": 1, 
         "subject_field": 1, 
         "related_concepts": [
            1, 
            2
         ], 
         "broader_concept": 2
      }
   }, 
   {
      "pk": 4, 
      "model": "terminator.concept", 
      "fields": {
         "glossary": 1, 
         "subject_field": null, 
         "related_concepts": [], 
         "broader_concept": null
      }
   }, 
   {
      "pk": "preferredTerm-admn-sts", 
      "model": "terminator.administrativestatus", 
      "fields": {
         "name": "Preferred", 
         "description": "This administrative status is used to indicate that the tagged translation is the preferred one for this particular translation's concept and language."
      }
   }, 
   {
      "pk": "admittedTerm-admn-sts", 
      "model": "terminator.administrativestatus", 
      "fields": {
         "name": "Admitted", 
         "description": "This administrative status is used to indicate that the tagged translation is an admitted one for this particular translation's concept and language despite the fact that can exist another translation which is the preferred one."
      }
   }, 
   {
      "pk": "deprecatedTerm-admn-sts", 
      "model": "terminator.administrativestatus", 
      "fields": {
         "name": "Not recommended", 
         "description": "This administrative status is used to indicate that the tagged translation shouldn't be used for this particular translation's concept and language."
      }
   }, 
   {
      "pk": 1, 
      "model": "terminator.translation", 
      "fields": {
         "concept": 2, 
         "language": "gl", 
         "administrative_status": "preferredTerm-admn-sts", 
         "part_of_speech": 2, 
         "note": "", 
         "translation_text": "xanela", 
         "process_status": true
      }
   }, 
   {
      "pk": 2, 
      "model": "terminator.translation", 
      "fields": {
         "concept": 2, 
         "language": "en", 
         "administrative_status": null, 
         "part_of_speech": 2, 
         "note": "", 
         "translation_text": "window", 
         "process_status": true
      }
   }, 
   {
      "pk": 3, 
      "model": "terminator.translation", 
      "fields": {
         "concept": 2, 
         "language": "gl", 
         "administrative_status": null, 
         "part_of_speech": 2, 
         "note": "", 
         "translation_text": "fiestra", 
         "process_status": true
      }
   }, 
   {
      "pk": 4, 
      "model": "terminator.translation", 
      "fields": {
         "concept": 2, 
         "language": "gl", 
         "administrative_status": "deprecatedTerm-admn-sts", 
         "part_of_speech": 2, 
         "note": "", 
         "translation_text": "vent\u00e1", 
         "process_status": true
      }
   }, 
   {
      "pk": 5, 
      "model": "terminator.translation", 
      "fields": {
         "concept": 3, 
         "language": "gl", 
         "administrative_status": "preferredTerm-admn-sts", 
         "part_of_speech": 2, 
         "note": "", 
         "translation_text": "lapela", 
         "process_status": true
      }
   }, 
   {
      "pk": 6, 
      "model": "terminator.translation", 
      "fields": {
         "concept": 3, 
         "language": "en", 
         "administrative_status": null, 
         "part_of_speech": 2, 
         "note": "", 
         "translation_text": "tab", 
         "process_status": true
      }
   }, 
   {
      "pk": 7, 
      "model": "terminator.translation", 
      "fields": {
         "concept": 3, 
         "language": "es", 
         "administrative_status": null, 
         "part_of_speech": 2, 
         "note": "", 
         "translation_text": "pesta\u00f1a", 
         "process_status": true
      }
   }, 
   {
      "pk": 8, 
      "model": "terminator.translation", 
      "fields": {
         "concept": 1, 
         "language": "gl", 
         "administrative_status": "preferredTerm-admn-sts", 
         "part_of_speech": 1, 
         "note": "", 
         "translation_text": "buscar", 
         "process_status": true
      }
   }, 
   {
      "pk": 9, 
      "model": "terminator.translation", 
      "fields": {
         "concept": 1, 
         "language": "en", 
         "administrative_status": "preferredTerm-admn-sts", 
         "part_of_speech": 1, 
         "note": "", 
         "translation_text": "search", 
         "process_status": true
      }
   }, 
   {
      "pk": 1, 
      "model": "terminator.definition", 
      "fields": {
         "source": "", 
         "concept": 2, 
         "definition_text": "In computing, a window is a visual area containing some kind of user interface. It usually has a rectangular shape that can overlap with the area of other windows. It displays the output of and may allow input to one or more processes.\r\n\r\nWindows are primarily associated with graphical displays, where they can be manipulated with a mouse cursor.\r\n\r\nA graphical user interface (GUI) using windows as one of its main \"metaphors\" is called a windowing system.", 
         "language": "en"
      }
   }, 
   {
      "pk": 2, 
      "model": "terminator.definition", 
      "fields": {
         "source": "", 
         "concept": 2, 
         "definition_text": "\u00c1rea visual que cont\u00e9n alg\u00fan tipo de interface de usuario. Normalmente ten unha forma rectangular e poden conter outros elementos como bot\u00f3ns, listas...", 
         "language": "gl"
      }
   }, 
   {
      "pk": 3, 
      "model": "terminator.definition", 
      "fields": {
         "source": "", 
         "concept": 3, 
         "definition_text": "Unha lapela ou separador \u00e9 un implemento gr\u00e1fico que en aplicaci\u00f3ns inform\u00e1ticas permite lembrar outras opci\u00f3ns \u00e1 parte da que est\u00e1 en uso. Isto pode referirse \u00e1s lapelas tanto de p\u00e1xinas web como \u00e1s dos propios navegadores ou outro tipo de programas (son moi com\u00fans en follas de c\u00e1lculo).\r\nNa traduci\u00f3n ao galego do OpenOffice en 2006 e de Windows Vista en 2007-2008 (produto elaborado por Imaxin Software e revisado por Termigal) usouse separador, a\u00ednda que esta \u00e9 a denominaci\u00f3n para un produto comercial e iso non incl\u00fae necesariamente a s\u00faa preferencia xen\u00e9rica.", 
         "language": "gl"
      }
   }, 
   {
      "pk": 4, 
      "model": "terminator.definition", 
      "fields": {
         "source": "http://en.wikipedia.org/wiki/Tab_(GUI)", 
         "concept": 3, 
         "definition_text": "In the area of graphical user interfaces (GUI), a tabbed document interface (TDI) is one that allows multiple documents to be contained within a single window, using tabs as a navigational widget for switching between sets of documents. It is an interface style most commonly associated with web browsers, web applications, text editors and preference panes.", 
         "language": "en"
      }
   }, 
   {
      "pk": 1, 
      "model": "terminator.proposal", 
      "fields": {
         "definition": "An email attachment is a computer file sent along with an email message. One or more files can be attached to any email message, and be sent along with it to the recipient. This is typically used as a simple method to share documents and images. A paper clip image is the standard image for an attachment in an email client.", 
         "word": "attachment", 
         "language": "en"
      }
   }, 
   {
      "pk": 2, 
      "model": "terminator.proposal", 
      "fields": {
         "definition": "In computer (software) technology, a wildcard character can be used to substitute for any other character or characters in a string.", 
         "word": "wildcard", 
         "language": "en"
      }
   }, 
   {
      "pk": 1, 
      "model": "terminator.externallinktype", 
      "fields": {
         "tbx_representation": "externalCrossReference", 
         "name": "External cross reference", 
         "description": "Pointer to an external reference information or explanatory text about the concept. For example a link to a Wikipedia article.\r\n"
      }
   }, 
   {
      "pk": 2, 
      "model": "terminator.externallinktype", 
      "fields": {
         "tbx_representation": "xGraphic", 
         "name": "Image", 
         "description": "Reference (URI, URL, or local file path) to a graphic file that depicts or explains the concept."
      }
   }, 
   {
      "pk": 5, 
      "model": "terminator.externallinktype", 
      "fields": {
         "tbx_representation": "xMathML ", 
         "name": "MathML", 
         "description": "Link to a MathML representantion of the concept or some other resource that may help understanding the actual concept."
      }
   }, 
   {
      "pk": 4, 
      "model": "terminator.externallinktype", 
      "fields": {
         "tbx_representation": "xAudio", 
         "name": "Audio", 
         "description": "Link to external audio file that may help understanding the actual concept."
      }
   }, 
   {
      "pk": 3, 
      "model": "terminator.externallinktype", 
      "fields": {
         "tbx_representation": "xVideo", 
         "name": "Video", 
         "description": "Link to external video file that may help understanding the actual concept."
      }
   }, 
   {
      "pk": 1, 
      "model": "terminator.externalresource", 
      "fields": {
         "description": "English Wikipedia page for this particular concept.", 
         "concept": 3, 
         "link_type": 1, 
         "language": "en", 
         "address": "http://en.wikipedia.org/wiki/Tab_(GUI)"
      }
   }, 
   {
      "pk": 2, 
      "model": "terminator.externalresource", 
      "fields": {
         "description": "P\u00e1xina da Galipedia sobre este concepto.", 
         "concept": 3, 
         "link_type": 1, 
         "language": "gl", 
         "address": "http://gl.wikipedia.org/wiki/Lapela_(inform%C3%A1tica)"
      }
   }, 
   {
      "pk": 1, 
      "model": "terminator.contextsentence", 
      "fields": {
         "text": "As lapelas empr\u00e9ganse a mi\u00fado para dividir as opci\u00f3ns por categor\u00edas.", 
         "translation": 5
      }
   }, 
   {
      "pk": 2, 
      "model": "terminator.contextsentence", 
      "fields": {
         "text": "Todos os navegadores web actuais permiten a navegaci\u00f3n con lapelas.", 
         "translation": 5
      }
   }  
]
