[
   {
      "pk": 1, 
      "model": "auth.user", 
      "fields": {
         "username": "usuario", 
         "first_name": "", 
         "last_name": "", 
         "is_active": true, 
         "is_superuser": true, 
         "is_staff": true, 
         "last_login": "2011-06-16 16:33:45", 
         "groups": [], 
         "user_permissions": [], 
         "password": "sha1$b7a7a$388aceebbbb532a0e70a184b24240b0177c05618", 
         "email": "unho_fic@hotmail.com", 
         "date_joined": "2011-06-16 16:33:45"
      }
   }, 
   {
      "pk": 2, 
      "model": "auth.user", 
      "fields": {
         "username": "a", 
         "first_name": "", 
         "last_name": "", 
         "is_active": true, 
         "is_superuser": false, 
         "is_staff": true, 
         "last_login": "2011-06-24 21:24:26", 
         "groups": [], 
         "user_permissions": [], 
         "password": "sha1$b4cc4$678c3563e6f4cb4c31737c44c6b804ebf153db7c", 
         "email": "", 
         "date_joined": "2011-06-24 21:24:26"
      }
   },
   {
      "pk": 3, 
      "model": "auth.user", 
      "fields": {
         "username": "b", 
         "first_name": "", 
         "last_name": "", 
         "is_active": true, 
         "is_superuser": false, 
         "is_staff": false, 
         "last_login": "2011-06-24 21:25:26", 
         "groups": [], 
         "user_permissions": [], 
         "password": "sha1$42cb2$5284ca23d9077f8c58f65d299a9cde40ea4445db", 
         "email": "b@b.es", 
         "date_joined": "2011-06-24 21:25:26"
      }
   },
   {
      "pk": 4, 
      "model": "auth.user", 
      "fields": {
         "username": "lexi", 
         "first_name": "", 
         "last_name": "", 
         "is_active": true, 
         "is_superuser": false, 
         "is_staff": true, 
         "last_login": "2011-08-09 18:43:19", 
         "groups": [], 
         "user_permissions": [
            [
               "add_concept", 
               "terminator", 
               "concept"
            ], 
            [
               "change_concept", 
               "terminator", 
               "concept"
            ], 
            [
               "delete_concept", 
               "terminator", 
               "concept"
            ], 
            [
               "add_contextsentence", 
               "terminator", 
               "contextsentence"
            ], 
            [
               "change_contextsentence", 
               "terminator", 
               "contextsentence"
            ], 
            [
               "delete_contextsentence", 
               "terminator", 
               "contextsentence"
            ], 
            [
               "add_corpusexample", 
               "terminator", 
               "corpusexample"
            ], 
            [
               "change_corpusexample", 
               "terminator", 
               "corpusexample"
            ], 
            [
               "delete_corpusexample", 
               "terminator", 
               "corpusexample"
            ], 
            [
               "add_definition", 
               "terminator", 
               "definition"
            ], 
            [
               "change_definition", 
               "terminator", 
               "definition"
            ], 
            [
               "delete_definition", 
               "terminator", 
               "definition"
            ], 
            [
               "add_externalresource", 
               "terminator", 
               "externalresource"
            ], 
            [
               "change_externalresource", 
               "terminator", 
               "externalresource"
            ], 
            [
               "delete_externalresource", 
               "terminator", 
               "externalresource"
            ], 
            [
               "change_proposal", 
               "terminator", 
               "proposal"
            ], 
            [
               "delete_proposal", 
               "terminator", 
               "proposal"
            ], 
            [
               "add_translation", 
               "terminator", 
               "translation"
            ], 
            [
               "change_translation", 
               "terminator", 
               "translation"
            ], 
            [
               "delete_translation", 
               "terminator", 
               "translation"
            ]
         ], 
         "password": "sha1$f3840$8701c3bc2a93ecd26a70304b9690e6f8d9fd37f9", 
         "email": "lexi@lexi.org", 
         "date_joined": "2011-08-09 18:43:19"
      }
   }, 
   {
      "pk": 5, 
      "model": "auth.user", 
      "fields": {
         "username": "dono", 
         "first_name": "", 
         "last_name": "", 
         "is_active": true, 
         "is_superuser": false, 
         "is_staff": true, 
         "last_login": "2011-08-23 20:49:23", 
         "groups": [], 
         "user_permissions": [
            [
               "change_collaborationrequest", 
               "terminator", 
               "collaborationrequest"
            ], 
            [
               "delete_collaborationrequest", 
               "terminator", 
               "collaborationrequest"
            ], 
            [
               "add_concept", 
               "terminator", 
               "concept"
            ], 
            [
               "change_concept", 
               "terminator", 
               "concept"
            ], 
            [
               "delete_concept", 
               "terminator", 
               "concept"
            ], 
            [
               "add_contextsentence", 
               "terminator", 
               "contextsentence"
            ], 
            [
               "change_contextsentence", 
               "terminator", 
               "contextsentence"
            ], 
            [
               "delete_contextsentence", 
               "terminator", 
               "contextsentence"
            ], 
            [
               "add_corpusexample", 
               "terminator", 
               "corpusexample"
            ], 
            [
               "change_corpusexample", 
               "terminator", 
               "corpusexample"
            ], 
            [
               "delete_corpusexample", 
               "terminator", 
               "corpusexample"
            ], 
            [
               "add_definition", 
               "terminator", 
               "definition"
            ], 
            [
               "change_definition", 
               "terminator", 
               "definition"
            ], 
            [
               "delete_definition", 
               "terminator", 
               "definition"
            ], 
            [
               "add_externalresource", 
               "terminator", 
               "externalresource"
            ], 
            [
               "change_externalresource", 
               "terminator", 
               "externalresource"
            ], 
            [
               "delete_externalresource", 
               "terminator", 
               "externalresource"
            ], 
            [
               "change_glossary", 
               "terminator", 
               "glossary"
            ], 
            [
               "delete_glossary", 
               "terminator", 
               "glossary"
            ], 
            [
               "change_proposal", 
               "terminator", 
               "proposal"
            ], 
            [
               "delete_proposal", 
               "terminator", 
               "proposal"
            ], 
            [
               "add_translation", 
               "terminator", 
               "translation"
            ], 
            [
               "change_translation", 
               "terminator", 
               "translation"
            ], 
            [
               "delete_translation", 
               "terminator", 
               "translation"
            ]
         ], 
         "password": "sha1$725da$32261ec675d565b2f05f0981a8631b691253ad0c", 
         "email": "dono@dono.es", 
         "date_joined": "2011-08-09 18:43:27"
      }
   }, 
   {
      "pk": 6, 
      "model": "auth.user", 
      "fields": {
         "username": "term", 
         "first_name": "", 
         "last_name": "", 
         "is_active": true, 
         "is_superuser": false, 
         "is_staff": true, 
         "last_login": "2011-08-09 18:43:34", 
         "groups": [], 
         "user_permissions": [
            [
               "add_contextsentence", 
               "terminator", 
               "contextsentence"
            ], 
            [
               "change_contextsentence", 
               "terminator", 
               "contextsentence"
            ], 
            [
               "delete_contextsentence", 
               "terminator", 
               "contextsentence"
            ], 
            [
               "add_corpusexample", 
               "terminator", 
               "corpusexample"
            ], 
            [
               "change_corpusexample", 
               "terminator", 
               "corpusexample"
            ], 
            [
               "delete_corpusexample", 
               "terminator", 
               "corpusexample"
            ], 
            [
               "add_definition", 
               "terminator", 
               "definition"
            ], 
            [
               "change_definition", 
               "terminator", 
               "definition"
            ], 
            [
               "delete_definition", 
               "terminator", 
               "definition"
            ], 
            [
               "add_externalresource", 
               "terminator", 
               "externalresource"
            ], 
            [
               "change_externalresource", 
               "terminator", 
               "externalresource"
            ], 
            [
               "delete_externalresource", 
               "terminator", 
               "externalresource"
            ], 
            [
               "add_translation", 
               "terminator", 
               "translation"
            ], 
            [
               "change_translation", 
               "terminator", 
               "translation"
            ], 
            [
               "delete_translation", 
               "terminator", 
               "translation"
            ]
         ], 
         "password": "sha1$5446f$9ece5f162339c6b2e88ed217d1b90b9085f1a865", 
         "email": "term@term.net", 
         "date_joined": "2011-08-09 18:43:34"
      }
   }, 
   {
      "pk": 7, 
      "model": "auth.user", 
      "fields": {
         "username": "senpermisos", 
         "first_name": "", 
         "last_name": "", 
         "is_active": true, 
         "is_superuser": false, 
         "is_staff": false, 
         "last_login": "2011-08-09 18:43:50", 
         "groups": [], 
         "user_permissions": [], 
         "password": "sha1$808ac$25d84b4f46fe1107eb0e09141eda3d2154280ee2", 
         "email": "senpermisos@senpermisos.net", 
         "date_joined": "2011-08-09 18:43:39"
      }
   }, 
   {
      "pk": "aa68542b7e565cd9577e963cb7d5f037", 
      "model": "sessions.session", 
      "fields": {
         "expire_date": "2011-06-30 16:39:25", 
         "session_data": "ZjNlN2E5YjYwODg3OTk0MGRmMzZkNWMzNWIzM2IzNDA3ZjI5MjdjYTqAAn1xAShVEl9hdXRoX3Vz\nZXJfYmFja2VuZHECVSlkamFuZ28uY29udHJpYi5hdXRoLmJhY2tlbmRzLk1vZGVsQmFja2VuZHED\nVQ1fYXV0aF91c2VyX2lkcQRLAXUu\n"
      }
   }, 
   {
      "pk": 1, 
      "model": "terminator.partofspeech", 
      "fields": {
         "tbx_representation": "verb", 
         "name": "Verb", 
         "description": ""
      }
   }, 
   {
      "pk": 2, 
      "model": "terminator.partofspeech", 
      "fields": {
         "tbx_representation": "noun", 
         "name": "Noun", 
         "description": ""
      }
   }, 
   {
      "pk": 3, 
      "model": "terminator.partofspeech", 
      "fields": {
         "tbx_representation": "adjective", 
         "name": "Adjective", 
         "description": ""
      }
   }, 
   {
      "pk": 4, 
      "model": "terminator.partofspeech", 
      "fields": {
         "tbx_representation": "preposition", 
         "name": "Preposition", 
         "description": ""
      }
   }, 
   {
      "pk": 1, 
      "model": "terminator.grammaticalgender", 
      "fields": {
         "tbx_representation": "feminine", 
         "name": "feminine", 
         "description": "feminine gender"
      }
   }, 
   {
      "pk": 2, 
      "model": "terminator.grammaticalgender", 
      "fields": {
         "tbx_representation": "masculine", 
         "name": "masculine", 
         "description": "masculine gender"
      }
   }, 
   {
      "pk": 3, 
      "model": "terminator.grammaticalgender", 
      "fields": {
         "tbx_representation": "neuter", 
         "name": "neuter", 
         "description": "neuter gender"
      }
   }, 
   {
      "pk": 1, 
      "model": "terminator.grammaticalnumber", 
      "fields": {
         "tbx_representation": "singular", 
         "name": "singular", 
         "description": "singular grammatical number"
      }
   }, 
   {
      "pk": 2, 
      "model": "terminator.grammaticalnumber", 
      "fields": {
         "tbx_representation": "plural", 
         "name": "plural", 
         "description": "plural grammatical number"
      }
   }, 
   {
      "pk": "gl", 
      "model": "terminator.language", 
      "fields": {
         "grammatical_numbers": [
            1, 
            2
         ], 
         "grammatical_genders": [
            1, 
            2
         ], 
         "name": "Galician", 
         "description": "Galician language spoken mainly in the northwest of iberian peninsula."
      }
   }, 
   {
      "pk": "es", 
      "model": "terminator.language", 
      "fields": {
         "grammatical_numbers": [], 
         "grammatical_genders": [], 
         "name": "Spanish", 
         "description": "Spanish language spoken in central and south America and in Spain."
      }
   }, 
   {
      "pk": "pt_BR", 
      "model": "terminator.language", 
      "fields": {
         "grammatical_numbers": [
            1, 
            2
         ], 
         "grammatical_genders": [
            1
         ], 
         "name": "Brazilian portuguese", 
         "description": "Brazilian portuguese is a portuguese dialect spoken in Brazil."
      }
   }, 
   {
      "pk": "en", 
      "model": "terminator.language", 
      "fields": {
         "grammatical_numbers": [
            1
         ], 
         "grammatical_genders": [
            1
         ], 
         "name": "English", 
         "description": "English language spoken in the US, UK, Australia and a lot of countries."
      }
   }, 
   {
      "pk": "ast", 
      "model": "terminator.language", 
      "fields": {
         "grammatical_numbers": [], 
         "grammatical_genders": [], 
         "name": "Asturian", 
         "description": "Language spoken in Asturias. It is also called Bable."
      }
   }, 
   {
      "pk": "zh", 
      "model": "terminator.language", 
      "fields": {
         "grammatical_numbers": [
            1
         ], 
         "grammatical_genders": [
            1, 
            2
         ], 
         "name": "Chinese", 
         "description": "Galician language spoken mainly in China."
      }
   }, 
   {
      "pk": 1, 
      "model": "terminator.glossary", 
      "fields": {
         "name": "Glosario inicial", 
         "subject_fields": [], 
         "subscribers": [
            4, 
            5, 
            6
         ], 
         "description": "Glosario inicial para ir facendo probas"
      }
   }, 
   {
      "pk": 2, 
      "model": "terminator.glossary", 
      "fields": {
         "name": "Glosario de proba", 
         "subject_fields": [], 
         "subscribers": [], 
         "description": "Glosario para facer probas"
      }
   }, 
   {
      "pk": 3, 
      "model": "terminator.glossary", 
      "fields": {
         "name": "glosario extra", 
         "subject_fields": [], 
         "subscribers": [], 
         "description": "glosario extra"
      }
   }, 
   {
      "pk": 5, 
      "model": "terminator.concept", 
      "fields": {
         "glossary": 1, 
         "subject_field": null, 
         "related_concepts": [], 
         "broader_concept": null
      }
   }, 
   {
      "pk": 7, 
      "model": "terminator.concept", 
      "fields": {
         "glossary": 2, 
         "subject_field": null, 
         "related_concepts": [], 
         "broader_concept": null
      }
   }, 
   {
      "pk": 8, 
      "model": "terminator.concept", 
      "fields": {
         "glossary": 1, 
         "subject_field": null, 
         "related_concepts": [], 
         "broader_concept": null
      }
   }, 
   {
      "pk": 1, 
      "model": "terminator.concept", 
      "fields": {
         "glossary": 1, 
         "subject_field": null, 
         "related_concepts": [], 
         "broader_concept": null
      }
   }, 
   {
      "pk": 2, 
      "model": "terminator.concept", 
      "fields": {
         "glossary": 1, 
         "subject_field": null, 
         "related_concepts": [], 
         "broader_concept": null
      }
   }, 
   {
      "pk": 3, 
      "model": "terminator.concept", 
      "fields": {
         "glossary": 1, 
         "subject_field": null, 
         "related_concepts": [], 
         "broader_concept": null
      }
   }, 
   {
      "pk": 4, 
      "model": "terminator.concept", 
      "fields": {
         "glossary": 2, 
         "subject_field": null, 
         "related_concepts": [], 
         "broader_concept": null
      }
   }, 
   {
      "pk": 9, 
      "model": "terminator.concept", 
      "fields": {
         "glossary": 3, 
         "subject_field": null, 
         "related_concepts": [], 
         "broader_concept": null
      }
   }, 
   {
      "pk": 10, 
      "model": "terminator.concept", 
      "fields": {
         "glossary": 3, 
         "subject_field": null, 
         "related_concepts": [], 
         "broader_concept": null
      }
   }, 
   {
      "pk": 11, 
      "model": "terminator.concept", 
      "fields": {
         "glossary": 3, 
         "subject_field": null, 
         "related_concepts": [], 
         "broader_concept": null
      }
   }, 
   {
      "pk": 12, 
      "model": "terminator.concept", 
      "fields": {
         "glossary": 3, 
         "subject_field": null, 
         "related_concepts": [], 
         "broader_concept": null
      }
   }, 
   {
      "pk": 13, 
      "model": "terminator.concept", 
      "fields": {
         "glossary": 3, 
         "subject_field": null, 
         "related_concepts": [], 
         "broader_concept": null
      }
   }, 
   {
      "pk": 14, 
      "model": "terminator.concept", 
      "fields": {
         "glossary": 3, 
         "subject_field": null, 
         "related_concepts": [], 
         "broader_concept": null
      }
   }, 
   {
      "pk": 15, 
      "model": "terminator.concept", 
      "fields": {
         "glossary": 3, 
         "subject_field": null, 
         "related_concepts": [], 
         "broader_concept": null
      }
   }, 
   {
      "pk": 1, 
      "model": "terminator.summarymessage", 
      "fields": {
         "date": "2011-11-23 21:23:08", 
         "text": "Despois de considerar todas as posibilidades discutidas no f\u00edo de discusi\u00f3n para o galego relativo a este concepto chegouse \u00e1 seguinte conclusi\u00f3n:\r\n\r\nlapela \u00e9 a \u00fanica opci\u00f3n v\u00e1lida dado que as demais non se poden aplicar a este concepto, ou a que sendo aplicables (caso de separador) o seu emprego pode dar a confusi\u00f3n.", 
         "concept": 3, 
         "language": "gl", 
         "is_finalized": false
      }
   },
   {
      "pk": "preferredTerm-admn-sts", 
      "model": "terminator.administrativestatus", 
      "fields": {
         "name": "Preferred", 
         "description": "This administrative status is used to indicate that the tagged translation is the preferred one for this particular translation's concept and language.", 
         "allows_administrative_status_reason" : false
      }
   }, 
   {
      "pk": "admittedTerm-admn-sts", 
      "model": "terminator.administrativestatus", 
      "fields": {
         "name": "Admitted", 
         "description": "This administrative status is used to indicate that the tagged translation is an admitted one for this particular translation's concept and language despite the fact that can exist another translation which is the preferred one.", 
         "allows_administrative_status_reason" : false
      }
   }, 
   {
      "pk": "deprecatedTerm-admn-sts", 
      "model": "terminator.administrativestatus", 
      "fields": {
         "name": "Not recommended", 
         "description": "This administrative status is used to indicate that the tagged translation shouldn't be used for this particular translation's concept and language.", 
         "allows_administrative_status_reason" : true
      }
   }, 
   {
      "pk": 1, 
      "model": "terminator.administrativestatusreason", 
      "fields": {
         "languages": [
            "gl"
         ], 
         "name": "Castelanismo", 
         "description": "Word influenced by spanish language."
      }
   }, 
   {
      "pk": 2, 
      "model": "terminator.administrativestatusreason", 
      "fields": {
         "languages": [
            "gl", 
            "es", 
            "en"
         ], 
         "name": "Lusism", 
         "description": "Word influenced by portuguese language."
      }
   }, 
   {
      "pk": 3, 
      "model": "terminator.administrativestatusreason", 
      "fields": {
         "languages": [
            "gl", 
            "es", 
            "pt_BR"
         ], 
         "name": "Anglicism", 
         "description": "Word influenced by english language."
      }
   }, 
   {
      "pk": 4, 
      "model": "terminator.administrativestatusreason", 
      "fields": {
         "languages": [
            "gl", 
            "en"
         ], 
         "name": "Galicism", 
         "description": "Word influenced by french language."
      }
   }, 
   {
      "pk": 9, 
      "model": "terminator.translation", 
      "fields": {
         "concept": 1, 
         "grammatical_number": null, 
         "language": "en", 
         "grammatical_gender": null, 
         "administrative_status": "preferredTerm-admn-sts", 
         "part_of_speech": 1, 
         "note": "", 
         "translation_text": "search", 
         "process_status": true, 
         "administrative_status_reason": null
      }
   }, 
   {
      "pk": 8, 
      "model": "terminator.translation", 
      "fields": {
         "concept": 1, 
         "grammatical_number": null, 
         "language": "gl", 
         "grammatical_gender": null, 
         "administrative_status": "preferredTerm-admn-sts", 
         "part_of_speech": 1, 
         "note": "", 
         "translation_text": "buscar", 
         "process_status": true, 
         "administrative_status_reason": null
      }
   }, 
   {
      "pk": 2, 
      "model": "terminator.translation", 
      "fields": {
         "concept": 2, 
         "grammatical_number": null, 
         "language": "en", 
         "grammatical_gender": null, 
         "administrative_status": null, 
         "part_of_speech": 2, 
         "note": "", 
         "translation_text": "window", 
         "process_status": true, 
         "administrative_status_reason": null
      }
   }, 
   {
      "pk": 1, 
      "model": "terminator.translation", 
      "fields": {
         "concept": 2, 
         "grammatical_number": null, 
         "language": "gl", 
         "grammatical_gender": null, 
         "administrative_status": "preferredTerm-admn-sts", 
         "part_of_speech": 2, 
         "note": "", 
         "translation_text": "xanela", 
         "process_status": true, 
         "administrative_status_reason": null
      }
   }, 
   {
      "pk": 3, 
      "model": "terminator.translation", 
      "fields": {
         "concept": 2, 
         "grammatical_number": null, 
         "language": "gl", 
         "grammatical_gender": null, 
         "administrative_status": null, 
         "part_of_speech": 2, 
         "note": "", 
         "translation_text": "fiestra", 
         "process_status": true, 
         "administrative_status_reason": null
      }
   }, 
   {
      "pk": 4, 
      "model": "terminator.translation", 
      "fields": {
         "concept": 2, 
         "grammatical_number": null, 
         "language": "gl", 
         "grammatical_gender": null, 
         "administrative_status": "deprecatedTerm-admn-sts", 
         "part_of_speech": 2, 
         "note": "", 
         "translation_text": "vent\u00e1", 
         "process_status": true, 
         "administrative_status_reason": null
      }
   }, 
   {
      "pk": 6, 
      "model": "terminator.translation", 
      "fields": {
         "concept": 3, 
         "grammatical_number": null, 
         "language": "en", 
         "grammatical_gender": null, 
         "administrative_status": null, 
         "part_of_speech": 2, 
         "note": "", 
         "translation_text": "tab", 
         "process_status": true, 
         "administrative_status_reason": null
      }
   }, 
   {
      "pk": 12, 
      "model": "terminator.translation", 
      "fields": {
         "concept": 3, 
         "grammatical_number": null, 
         "language": "es", 
         "grammatical_gender": null, 
         "administrative_status": null, 
         "part_of_speech": null, 
         "note": "", 
         "translation_text": "solapa", 
         "process_status": false, 
         "administrative_status_reason": null
      }
   }, 
   {
      "pk": 7, 
      "model": "terminator.translation", 
      "fields": {
         "concept": 3, 
         "grammatical_number": null, 
         "language": "es", 
         "grammatical_gender": null, 
         "administrative_status": null, 
         "part_of_speech": 2, 
         "note": "", 
         "translation_text": "pesta\u00f1a", 
         "process_status": true, 
         "administrative_status_reason": null
      }
   }, 
   {
      "pk": 13, 
      "model": "terminator.translation", 
      "fields": {
         "concept": 3, 
         "grammatical_number": null, 
         "language": "gl", 
         "grammatical_gender": null, 
         "administrative_status": "deprecatedTerm-admn-sts", 
         "part_of_speech": null, 
         "note": "", 
         "translation_text": "aba", 
         "process_status": false, 
         "administrative_status_reason": 2
      }
   }, 
   {
      "pk": 5, 
      "model": "terminator.translation", 
      "fields": {
         "concept": 3, 
         "grammatical_number": null, 
         "language": "gl", 
         "grammatical_gender": null, 
         "administrative_status": "preferredTerm-admn-sts", 
         "part_of_speech": 2, 
         "note": "Breve exemplo de nota sobre un concepto.", 
         "translation_text": "lapela", 
         "process_status": true, 
         "administrative_status_reason": null
      }
   }, 
   {
      "pk": 11, 
      "model": "terminator.translation", 
      "fields": {
         "concept": 3, 
         "grammatical_number": 1, 
         "language": "gl", 
         "grammatical_gender": 1, 
         "administrative_status": "deprecatedTerm-admn-sts", 
         "part_of_speech": 2, 
         "note": "", 
         "translation_text": "pestana", 
         "process_status": true, 
         "administrative_status_reason": 1
      }
   }, 
   {
      "pk": 16, 
      "model": "terminator.translation", 
      "fields": {
         "concept": 3, 
         "grammatical_number": 1, 
         "language": "pt_BR", 
         "grammatical_gender": 1, 
         "administrative_status": "preferredTerm-admn-sts", 
         "part_of_speech": 2, 
         "note": "", 
         "translation_text": "aba", 
         "process_status": true, 
         "administrative_status_reason": null
      }
   }, 
   {
      "pk": 104, 
      "model": "terminator.translation", 
      "fields": {
         "concept": 5, 
         "grammatical_number": null, 
         "language": "en", 
         "grammatical_gender": null, 
         "administrative_status": null, 
         "part_of_speech": null, 
         "note": "", 
         "translation_text": "search", 
         "process_status": false, 
         "administrative_status_reason": null
      }
   }, 
   {
      "pk": 15, 
      "model": "terminator.translation", 
      "fields": {
         "concept": 5, 
         "grammatical_number": null, 
         "language": "gl", 
         "grammatical_gender": null, 
         "administrative_status": null, 
         "part_of_speech": null, 
         "note": "", 
         "translation_text": "busca", 
         "process_status": false, 
         "administrative_status_reason": null
      }
   }, 
   {
      "pk": 105, 
      "model": "terminator.translation", 
      "fields": {
         "concept": 7, 
         "grammatical_number": null, 
         "language": "en", 
         "grammatical_gender": null, 
         "administrative_status": null, 
         "part_of_speech": null, 
         "note": "", 
         "translation_text": "editable", 
         "process_status": false, 
         "administrative_status_reason": null
      }
   }, 
   {
      "pk": 107, 
      "model": "terminator.translation", 
      "fields": {
         "concept": 7, 
         "grammatical_number": null, 
         "language": "gl", 
         "grammatical_gender": null, 
         "administrative_status": null, 
         "part_of_speech": null, 
         "note": "", 
         "translation_text": "edit\u00e1bel", 
         "process_status": false, 
         "administrative_status_reason": null
      }
   }, 
   {
      "pk": 106, 
      "model": "terminator.translation", 
      "fields": {
         "concept": 7, 
         "grammatical_number": null, 
         "language": "gl", 
         "grammatical_gender": null, 
         "administrative_status": null, 
         "part_of_speech": null, 
         "note": "", 
         "translation_text": "editable", 
         "process_status": false, 
         "administrative_status_reason": null
      }
   }, 
   {
      "pk": 109, 
      "model": "terminator.translation", 
      "fields": {
         "concept": 8, 
         "grammatical_number": null, 
         "language": "en", 
         "grammatical_gender": null, 
         "administrative_status": null, 
         "part_of_speech": null, 
         "note": "", 
         "translation_text": "edit", 
         "process_status": false, 
         "administrative_status_reason": null
      }
   }, 
   {
      "pk": 108, 
      "model": "terminator.translation", 
      "fields": {
         "concept": 8, 
         "grammatical_number": null, 
         "language": "gl", 
         "grammatical_gender": null, 
         "administrative_status": null, 
         "part_of_speech": null, 
         "note": "", 
         "translation_text": "editar", 
         "process_status": false, 
         "administrative_status_reason": null
      }
   }, 
   {
      "pk": 111, 
      "model": "terminator.translation", 
      "fields": {
         "concept": 9, 
         "grammatical_number": null, 
         "language": "en", 
         "grammatical_gender": null, 
         "administrative_status": null, 
         "part_of_speech": null, 
         "note": "", 
         "translation_text": "table", 
         "process_status": false, 
         "administrative_status_reason": null
      }
   }, 
   {
      "pk": 112, 
      "model": "terminator.translation", 
      "fields": {
         "concept": 9, 
         "grammatical_number": null, 
         "language": "es", 
         "grammatical_gender": null, 
         "administrative_status": null, 
         "part_of_speech": null, 
         "note": "", 
         "translation_text": "tabla", 
         "process_status": false, 
         "administrative_status_reason": null
      }
   }, 
   {
      "pk": 110, 
      "model": "terminator.translation", 
      "fields": {
         "concept": 9, 
         "grammatical_number": null, 
         "language": "gl", 
         "grammatical_gender": null, 
         "administrative_status": null, 
         "part_of_speech": null, 
         "note": "", 
         "translation_text": "t\u00e1boa", 
         "process_status": false, 
         "administrative_status_reason": null
      }
   }, 
   {
      "pk": 115, 
      "model": "terminator.translation", 
      "fields": {
         "concept": 14, 
         "grammatical_number": null, 
         "language": "en", 
         "grammatical_gender": null, 
         "administrative_status": null, 
         "part_of_speech": null, 
         "note": "", 
         "translation_text": "tab", 
         "process_status": false, 
         "administrative_status_reason": null
      }
   }, 
   {
      "pk": 116, 
      "model": "terminator.translation", 
      "fields": {
         "concept": 14, 
         "grammatical_number": null, 
         "language": "gl", 
         "grammatical_gender": 1, 
         "administrative_status": "preferredTerm-admn-sts", 
         "part_of_speech": 2, 
         "note": "", 
         "translation_text": "tabulaci\u00f3n", 
         "process_status": true, 
         "administrative_status_reason": null
      }
   }, 
   {
      "pk": 117, 
      "model": "terminator.translation", 
      "fields": {
         "concept": 15, 
         "grammatical_number": null, 
         "language": "en", 
         "grammatical_gender": null, 
         "administrative_status": null, 
         "part_of_speech": null, 
         "note": "", 
         "translation_text": "tab", 
         "process_status": false, 
         "administrative_status_reason": null
      }
   }, 
   {
      "pk": 118, 
      "model": "terminator.translation", 
      "fields": {
         "concept": 15, 
         "grammatical_number": null, 
         "language": "gl", 
         "grammatical_gender": 2, 
         "administrative_status": "preferredTerm-admn-sts", 
         "part_of_speech": 2, 
         "note": "", 
         "translation_text": "tabulador", 
         "process_status": true, 
         "administrative_status_reason": null
      }
   }, 
   {
      "pk": 119, 
      "model": "terminator.translation", 
      "fields": {
         "concept": 15, 
         "grammatical_number": null, 
         "language": "gl", 
         "grammatical_gender": null, 
         "administrative_status": "preferredTerm-admn-sts", 
         "part_of_speech": null, 
         "note": "", 
         "translation_text": "TAB", 
         "process_status": true, 
         "administrative_status_reason": null
      }
   }, 
   {
      "pk": 1, 
      "model": "terminator.definition", 
      "fields": {
         "source": "", 
         "concept": 2, 
         "definition_text": "In computing, a window is a visual area containing some kind of user interface. It usually has a rectangular shape that can overlap with the area of other windows. It displays the output of and may allow input to one or more processes.\r\n\r\nWindows are primarily associated with graphical displays, where they can be manipulated with a mouse cursor.\r\n\r\nA graphical user interface (GUI) using windows as one of its main \"metaphors\" is called a windowing system.", 
         "language": "en", 
         "is_finalized": true
      }
   }, 
   {
      "pk": 2, 
      "model": "terminator.definition", 
      "fields": {
         "source": "", 
         "concept": 2, 
         "definition_text": "\u00c1rea visual que cont\u00e9n alg\u00fan tipo de interface de usuario. Normalmente ten unha forma rectangular e poden conter outros elementos como bot\u00f3ns, listas...", 
         "language": "gl", 
         "is_finalized": false
      }
   }, 
   {
      "pk": 3, 
      "model": "terminator.definition", 
      "fields": {
         "source": "", 
         "concept": 3, 
         "definition_text": "Unha lapela ou separador \u00e9 un implemento gr\u00e1fico que en aplicaci\u00f3ns inform\u00e1ticas permite lembrar outras opci\u00f3ns \u00e1 parte da que est\u00e1 en uso. Isto pode referirse \u00e1s lapelas tanto de p\u00e1xinas web como \u00e1s dos propios navegadores ou outro tipo de programas (son moi com\u00fans en follas de c\u00e1lculo).\r\nNa traduci\u00f3n ao galego do OpenOffice en 2006 e de Windows Vista en 2007-2008 (produto elaborado por Imaxin Software e revisado por Termigal) usouse separador, a\u00ednda que esta \u00e9 a denominaci\u00f3n para un produto comercial e iso non incl\u00fae necesariamente a s\u00faa preferencia xen\u00e9rica.", 
         "language": "gl", 
         "is_finalized": true
      }
   }, 
   {
      "pk": 4, 
      "model": "terminator.definition", 
      "fields": {
         "source": "http://en.wikipedia.org/wiki/Tab_(GUI)", 
         "concept": 3, 
         "definition_text": "In the area of graphical user interfaces (GUI), a tabbed document interface (TDI) is one that allows multiple documents to be contained within a single window, using tabs as a navigational widget for switching between sets of documents. It is an interface style most commonly associated with web browsers, web applications, text editors and preference panes.", 
         "language": "en", 
         "is_finalized": true
      }
   }, 
   {
      "pk": 70, 
      "model": "terminator.definition", 
      "fields": {
         "source": "", 
         "concept": 14, 
         "definition_text": "The act and result of pressing the \"Tab\" key.", 
         "language": "en", 
         "is_finalized": true
      }
   }, 
   {
      "pk": 71, 
      "model": "terminator.definition", 
      "fields": {
         "source": "", 
         "concept": 14, 
         "definition_text": "Acci\u00f3n e resultado de premer a tecla \u00abtabulador\u00bb.", 
         "language": "gl", 
         "is_finalized": true
      }
   }, 
   {
      "pk": 72, 
      "model": "terminator.definition", 
      "fields": {
         "source": "", 
         "concept": 15, 
         "definition_text": "Tab key (abbreviation of tabulator key) on a keyboard is used to advance the cursor to the next tab stop.", 
         "language": "en", 
         "is_finalized": true
      }
   }, 
   {
      "pk": 73, 
      "model": "terminator.definition", 
      "fields": {
         "source": "", 
         "concept": 15, 
         "definition_text": "Tecla do teclado situada normalmente enriba da tecla \u00abMai\u00fasculas\u00bb que insire caracteres de \u00abtabulaci\u00f3n\u00bb.", 
         "language": "gl", 
         "is_finalized": true
      }
   }, 
   {
      "pk": 1, 
      "model": "terminator.proposal", 
      "fields": {
         "sent_date": "2011-05-14 10:08:04",
         "definition": "An email attachment is a computer file sent along with an email message. One or more files can be attached to any email message, and be sent along with it to the recipient. This is typically used as a simple method to share documents and images. A paper clip image is the standard image for an attachment in an email client.", 
         "word": "attachment", 
         "language": "en",
         "user": 1,
         "for_glossary" : 1
      }
   }, 
   {
      "pk": 2, 
      "model": "terminator.proposal", 
      "fields": {
         "sent_date": "2011-06-24 20:08:04",
         "definition": "In computer (software) technology, a wildcard character can be used to substitute for any other character or characters in a string.", 
         "word": "wildcard", 
         "language": "en",
         "user": 2,
         "for_glossary" : 2
      }
   }, 
   {
      "pk": "externalCrossReference", 
      "model": "terminator.externallinktype", 
      "fields": {
         "name": "External cross reference", 
         "description": "Pointer to an external reference information or explanatory text about the concept. For example a link to a Wikipedia article."
      }
   }, 
   {
      "pk": "xGraphic", 
      "model": "terminator.externallinktype", 
      "fields": {
         "name": "Image", 
         "description": "Reference (URI, URL, or local file path) to a graphic file that depicts or explains the concept."
      }
   }, 
   {
      "pk": "xMathML", 
      "model": "terminator.externallinktype", 
      "fields": {
         "name": "MathML", 
         "description": "Link to a MathML representantion of the concept or some other resource that may help understanding the actual concept."
      }
   }, 
   {
      "pk": "xAudio", 
      "model": "terminator.externallinktype", 
      "fields": {
         "name": "Audio", 
         "description": "Link to external audio file that may help understanding the actual concept."
      }
   }, 
   {
      "pk": "xVideo", 
      "model": "terminator.externallinktype", 
      "fields": {
         "name": "Video", 
         "description": "Link to external video file that may help understanding the actual concept."
      }
   }, 
   {
      "pk": 1, 
      "model": "terminator.externalresource", 
      "fields": {
         "description": "English Wikipedia page for this particular concept.", 
         "concept": 3, 
         "link_type": "externalCrossReference", 
         "language": "en", 
         "address": "http://en.wikipedia.org/wiki/Tab_(GUI)"
      }
   }, 
   {
      "pk": 2, 
      "model": "terminator.externalresource", 
      "fields": {
         "description": "P\u00e1xina da Galipedia sobre este concepto.", 
         "concept": 3, 
         "link_type": "externalCrossReference", 
         "language": "gl", 
         "address": "http://gl.wikipedia.org/wiki/Lapela_(inform%C3%A1tica)"
      }
   }, 
   {
      "pk": 3, 
      "model": "terminator.externalresource", 
      "fields": {
         "description": "Imaxe da Galipedia que ilustra este concepto.", 
         "concept": 3, 
         "link_type": "xGraphic", 
         "language": "gl", 
         "address": "http://upload.wikimedia.org/wikipedia/commons/d/d6/screenshot_lapela.svg"
      }
   }, 
   {
      "pk": 1, 
      "model": "terminator.contextsentence", 
      "fields": {
         "text": "As lapelas empr\u00e9ganse a mi\u00fado para dividir as opci\u00f3ns por categor\u00edas.", 
         "translation": 5
      }
   }, 
   {
      "pk": 2, 
      "model": "terminator.contextsentence", 
      "fields": {
         "text": "Todos os navegadores web actuais permiten a navegaci\u00f3n con lapelas.", 
         "translation": 5
      }
   }, 
   {
      "pk": 1, 
      "model": "terminator.partofspeechforlanguage", 
      "fields": {
         "allows_grammatical_number": false, 
         "part_of_speech": 1, 
         "allows_grammatical_gender": false, 
         "language": "gl"
      }
   }, 
   {
      "pk": 2, 
      "model": "terminator.partofspeechforlanguage", 
      "fields": {
         "allows_grammatical_number": true, 
         "part_of_speech": 2, 
         "allows_grammatical_gender": true, 
         "language": "gl"
      }
   }, 
   {
      "pk": 3, 
      "model": "terminator.partofspeechforlanguage", 
      "fields": {
         "allows_grammatical_number": true, 
         "part_of_speech": 3, 
         "allows_grammatical_gender": true, 
         "language": "gl"
      }
   }, 
   {
      "pk": 4, 
      "model": "terminator.partofspeechforlanguage", 
      "fields": {
         "allows_grammatical_number": false, 
         "part_of_speech": 1, 
         "allows_grammatical_gender": false, 
         "language": "en"
      }
   }, 
   {
      "pk": 5, 
      "model": "terminator.partofspeechforlanguage", 
      "fields": {
         "allows_grammatical_number": true, 
         "part_of_speech": 3, 
         "allows_grammatical_gender": false, 
         "language": "en"
      }
   }, 
   {
      "pk": 6, 
      "model": "terminator.partofspeechforlanguage", 
      "fields": {
         "allows_grammatical_number": true, 
         "part_of_speech": 2, 
         "allows_grammatical_gender": true, 
         "language": "es"
      }
   }, 
   {
      "pk": 1, 
      "model": "terminator.corpusexample", 
      "fields": {
         "description": "Open-tran search for the galician translation of this english word.", 
         "translation": 1, 
         "address": "http://en.gl.open-tran.eu/suggest/window"
      }
   }, 
   {
      "pk": 2, 
      "model": "terminator.corpusexample", 
      "fields": {
         "description": "Open-tran search for the galician translation of this english word.", 
         "translation": 5, 
         "address": "http://en.gl.open-tran.eu/suggest/tab"
      }
   }, 
   {
      "pk": 3, 
      "model": "terminator.corpusexample", 
      "fields": {
         "description": "Exemplos de uso no corpus Xestermos de Mancomún.", 
         "translation": 5, 
         "address": "http://corpus.mancomun.org/xestermos.php?word=tab"
      }
   }, 
   {
      "pk": 1, 
      "model": "guardian.userobjectpermission", 
      "fields": {
         "object_pk": "1", 
         "user": 5, 
         "content_type": [
            "terminator", 
            "glossary"
         ], 
         "permission": [
            "is_lexicographer_in_this_glossary", 
            "terminator", 
            "glossary"
         ]
      }
   }, 
   {
      "pk": 2, 
      "model": "guardian.userobjectpermission", 
      "fields": {
         "object_pk": "1", 
         "user": 5, 
         "content_type": [
            "terminator", 
            "glossary"
         ], 
         "permission": [
            "is_owner_for_this_glossary", 
            "terminator", 
            "glossary"
         ]
      }
   }, 
   {
      "pk": 3, 
      "model": "guardian.userobjectpermission", 
      "fields": {
         "object_pk": "1", 
         "user": 5, 
         "content_type": [
            "terminator", 
            "glossary"
         ], 
         "permission": [
            "is_terminologist_in_this_glossary", 
            "terminator", 
            "glossary"
         ]
      }
   }, 
   {
      "pk": 4, 
      "model": "guardian.userobjectpermission", 
      "fields": {
         "object_pk": "1", 
         "user": 4, 
         "content_type": [
            "terminator", 
            "glossary"
         ], 
         "permission": [
            "is_lexicographer_in_this_glossary", 
            "terminator", 
            "glossary"
         ]
      }
   }, 
   {
      "pk": 5, 
      "model": "guardian.userobjectpermission", 
      "fields": {
         "object_pk": "1", 
         "user": 4, 
         "content_type": [
            "terminator", 
            "glossary"
         ], 
         "permission": [
            "is_terminologist_in_this_glossary", 
            "terminator", 
            "glossary"
         ]
      }
   }, 
   {
      "pk": 6, 
      "model": "guardian.userobjectpermission", 
      "fields": {
         "object_pk": "1", 
         "user": 6, 
         "content_type": [
            "terminator", 
            "glossary"
         ], 
         "permission": [
            "is_terminologist_in_this_glossary", 
            "terminator", 
            "glossary"
         ]
      }
   }, 
   {
      "pk": 1, 
      "model": "django_comments.comment", 
      "fields": {
         "comment": "Primeiro comentario de proba", 
         "user_url": "", 
         "submit_date": "2011-08-23 23:26:26", 
         "ip_address": "127.0.0.1", 
         "object_pk": "1", 
         "site": 1, 
         "is_removed": false, 
         "user": 1, 
         "content_type": [
            "terminator", 
            "conceptlanguagecommentsthread"
         ], 
         "is_public": true, 
         "user_name": "usuario", 
         "user_email": "unho_fic@hotmail.com"
      }
   }, 
   {
      "pk": 2, 
      "model": "django_comments.comment", 
      "fields": {
         "comment": "Engadindo un novo comentario, por parte do usuario \u00abusuario\u00bb, esta vez con m\u00faltiples li\u00f1as e par\u00e1grafos para comprobar que realmente se ve ben.\r\n\r\nLorem ipsum dolor sit amet, consectetuer adipiscing elit. Nam massa turpis, nonummy et, consectetuer id, placerat ac, ante. In commodo, dolor quis fermentum ullamcorper, urna massa volutpat massa, vitae mattis purus arcu nec nulla. Suspendisse lectus. Curabitur nunc ante, ullamcorper vel, auctor a, aliquam at, tortor. Aliquam justo lectus, iaculis a, auctor sed, congue in, nisl. Vestibulum non arcu a ante feugiat vestibulum. Curabitur tincidunt tellus nec purus. Fusce venenatis ligula in pede. Proin diam augue, semper vitae, varius et, viverra id, felis. Suspendisse viverra placerat tortor. Etiam non neque ac mi vestibulum placerat. Ut eu metus id lectus vestibulum ultrices. Quisque facilisis, urna sit amet pulvinar mollis, purus arcu adipiscing velit, non condimentum diam purus eu massa. \r\n\r\nEtiam fermentum. Vivamus quis mi. Vivamus quis mi. Praesent a eros. Aliquam vel nibh. Proin lectus orci, venenatis pharetra, egestas id, tincidunt vel, eros. Phasellus magna sem, vulputate eget, ornare sed, dignissim sit amet, pede. Integer risus velit, facilisis eget, viverra et, venenatis id, leo. Mauris tempus diam. Etiam pharetra lacus sed velit imperdiet bibendum. In hac habitasse platea dictumst. Vestibulum viverra varius enim. Vivamus feugiat. Duis sem velit, ultrices et, fermentum auctor, rhoncus ut, ligula. Morbi pulvinar nulla sit amet nisl. Donec ut urna. Fusce venenatis ligula in pede. Integer accumsan. Sed at turpis vitae velit euismod aliquet. Aliquam imperdiet lobortis metus. \r\n\r\nDonec ut urna. Quisque malesuada nulla sed pede volutpat pulvinar. Sed non ipsum. Class aptent taciti sociosqu ad litora torquent per conubia nostra, per inceptos hymenaeos. Pellentesque sit amet dui vel justo gravida auctor. Aenean id purus. Aenean scelerisque metus eget sem. Integer accumsan. Nulla sagittis condimentum ligula. Donec diam eros, tristique sit amet, pretium vel, pellentesque ut, neque. Proin dolor sapien, adipiscing id, sagittis eu, molestie viverra, mauris. Aenean id purus. Quisque pretium rutrum ligula. Phasellus auctor enim eget sem. Quisque arcu ante, cursus in, ornare quis, viverra ut, justo. \r\n\r\nPellentesque habitant morbi tristique senectus et netus et malesuada fames ac turpis egestas. Pellentesque ac turpis. Proin lectus orci, venenatis pharetra, egestas id, tincidunt vel, eros. Suspendisse viverra placerat tortor. Pellentesque tempor. Nullam sapien mauris, venenatis at, fermentum at, tempus eu, urna. Pellentesque et arcu. Integer tempus malesuada pede. Fusce consectetuer tellus ut nisl. Pellentesque convallis dolor vel libero. Pellentesque tempor. Suspendisse lectus. Mauris sed nulla quis nisi interdum tempor.\r\n\r\nDeica", 
         "user_url": "", 
         "submit_date": "2011-08-23 23:26:41", 
         "ip_address": "127.0.0.1", 
         "object_pk": "1", 
         "site": 1, 
         "is_removed": false, 
         "user": 1, 
         "content_type": [
            "terminator", 
            "conceptlanguagecommentsthread"
         ], 
         "is_public": true, 
         "user_name": "usuario", 
         "user_email": "unho_fic@hotmail.com"
      }
   }, 
   {
      "pk": 3, 
      "model": "django_comments.comment", 
      "fields": {
         "comment": "Outro comentario m\u00e1is para encher", 
         "user_url": "", 
         "submit_date": "2011-08-23 23:26:53", 
         "ip_address": "127.0.0.1", 
         "object_pk": "1", 
         "site": 1, 
         "is_removed": false, 
         "user": 1, 
         "content_type": [
            "terminator", 
            "conceptlanguagecommentsthread"
         ], 
         "is_public": true, 
         "user_name": "usuario", 
         "user_email": "unho_fic@hotmail.com"
      }
   }, 
   {
      "pk": 4, 
      "model": "django_comments.comment", 
      "fields": {
         "comment": "Comentario realizado por parte do dono do glosario.\r\n\r\nA ver se as\u00ed isto toma corpo. Hai que lembrarse de po\u00f1er comentarios nos fixtures.", 
         "user_url": "", 
         "submit_date": "2011-08-23 23:27:49", 
         "ip_address": "127.0.0.1", 
         "object_pk": "1", 
         "site": 1, 
         "is_removed": false, 
         "user": 5, 
         "content_type": [
            "terminator", 
            "conceptlanguagecommentsthread"
         ], 
         "is_public": true, 
         "user_name": "dono", 
         "user_email": "dono@dono.es"
      }
   }, 
   {
      "pk": 5, 
      "model": "django_comments.comment", 
      "fields": {
         "comment": "Primeiro comentario realizado para o galego.", 
         "user_url": "", 
         "submit_date": "2011-08-23 23:29:09", 
         "ip_address": "127.0.0.1", 
         "object_pk": "2", 
         "site": 1, 
         "is_removed": false, 
         "user": 5, 
         "content_type": [
            "terminator", 
            "conceptlanguagecommentsthread"
         ], 
         "is_public": true, 
         "user_name": "dono", 
         "user_email": "dono@dono.es"
      }
   }, 
   {
      "pk": 6, 
      "model": "django_comments.comment", 
      "fields": {
         "comment": "Unha lapela ou separador \u00e9 un implemento gr\u00e1fico que en aplicaci\u00f3ns inform\u00e1ticas permite lembrar outras opci\u00f3ns \u00e1 parte da que est\u00e1 en uso. Isto pode referirse \u00e1s lapelas tanto de p\u00e1xinas web como \u00e1s dos propios navegadores ou outro tipo de programas (son moi com\u00fans en follas de c\u00e1lculo).\r\n\r\nNa traduci\u00f3n ao galego do OpenOffice en 2006 e de Windows Vista en 2007-2008 (produto elaborado por Imaxin Software e revisado por Termigal) usouse separador, a\u00ednda que esta \u00e9 a denominaci\u00f3n para un produto comercial e iso non incl\u00fae necesariamente a s\u00faa preferencia xen\u00e9rica.", 
         "user_url": "", 
         "submit_date": "2011-08-23 23:29:46", 
         "ip_address": "127.0.0.1", 
         "object_pk": "2", 
         "site": 1, 
         "is_removed": false, 
         "user": 4, 
         "content_type": [
            "terminator", 
            "conceptlanguagecommentsthread"
         ], 
         "is_public": true, 
         "user_name": "lexi", 
         "user_email": "lexi@lexi.org"
      }
   }, 
   {
      "pk": 7, 
      "model": "django_comments.comment", 
      "fields": {
         "comment": "Non quero respostas.\r\n\r\nDeica", 
         "user_url": "", 
         "submit_date": "2011-08-23 23:32:23", 
         "ip_address": "127.0.0.1", 
         "object_pk": "2", 
         "site": 1, 
         "is_removed": false, 
         "user": 4, 
         "content_type": [
            "terminator", 
            "conceptlanguagecommentsthread"
         ], 
         "is_public": true, 
         "user_name": "lexi", 
         "user_email": "lexi@lexi.org"
      }
   }, 
   {
      "pk": 1, 
      "model": "terminator_comments_app.terminatorcomment", 
      "fields": {
         "mail_me": true
      }
   }, 
   {
      "pk": 2, 
      "model": "terminator_comments_app.terminatorcomment", 
      "fields": {
         "mail_me": true
      }
   }, 
   {
      "pk": 3, 
      "model": "terminator_comments_app.terminatorcomment", 
      "fields": {
         "mail_me": true
      }
   }, 
   {
      "pk": 4, 
      "model": "terminator_comments_app.terminatorcomment", 
      "fields": {
         "mail_me": true
      }
   }, 
   {
      "pk": 5, 
      "model": "terminator_comments_app.terminatorcomment", 
      "fields": {
         "mail_me": true
      }
   }, 
   {
      "pk": 6, 
      "model": "terminator_comments_app.terminatorcomment", 
      "fields": {
         "mail_me": true
      }
   }, 
   {
      "pk": 7, 
      "model": "terminator_comments_app.terminatorcomment", 
      "fields": {
         "mail_me": false
      }
   }
]
